japanese,pronunciation,translation
行く,iku,go
見る,miru,"see, look at"
多い,ooi,"a lot of, many"
家,ie,"home, household"
これ,kore,"this, this one"
それ,sore,"that, that one"
私,watashi,I
仕事,shigoto,"work, job"
いつ,itsu,when
する,suru,"do, make"
出る,deru,"go out, leave"
使う,tsukau,"use, make use of"
所,tokoro,place
作る,tsukuru,"make, create"
思う,omou,think
持つ,motsu,"have, possess"
買う,kau,buy
時間,jikan,"time, hour"
知る,shiru,know
同じ,onaji,"same, identical"
今,ima,now
新しい,atarashii,new
なる,naru,become
まだ,mada,"(not) yet, still"
あと,ato,after
聞く,kiku,"hear, ask"
言う,iu,"say, tell"
少ない,sukunai,"few, little"
高い,takai,"high, tall"
子供,kodomo,child
そう,sou,"so, that way"
もう,mou,"already, yet"
学生,gakusei,student
熱い,atsui,hot (to touch)
どうぞ,douzo,please
午後,gogo,"afternoon, p.m."
長い,nagai,long
本,hon,"book, volume"
今年,kotoshi,this year (colloquial)
よく,yoku,"often, well"
彼女,kanojo,"she, one’s girlfriend"
どう,dou,"how, what"
言葉,kotoba,"word, language"
顔,kao,face
終わる,owaru,"finish, end"
一つ,hitotsu,one (thing)
あげる,ageru,"give, offer (colloquial)"
こう,kou,"like this, such"
学校,gakkou,school
くれる,kureru,be given
始める,hajimeru,start (something)
起きる,okiru,"get up, get out of bed"
春,haru,spring
午前,gozen,"morning, a.m."
別,betsu,"another, different"
どこ,doko,where
部屋,heya,room
若い,wakai,young
車,kuruma,"car, automobile"
置く,oku,"put, place"
住む,sumu,"live, reside"
働く,hataraku,work
難しい,muzukashii,difficult
先生,sensei,teacher
立つ,tatsu,"stand, rise"
呼ぶ,yobu,"call, name"
大学,daigaku,"university, college"
安い,yasui,"cheap, inexpensive"
もっと,motto,more
帰る,kaeru,go back home
分かる,wakaru,understand
広い,hiroi,"wide, big"
数,suu,number
近い,chikai,"near, close"
そこ,soko,there
走る,hashiru,run
入れる,ireru,put in
教える,oshieru,"teach, tell"
歩く,aruku,"walk, go on foot"
会う,au,meet
書く,kaku,write
頭,atama,head
売る,uru,sell
大好き,daisuki,like (something) a lot
体,karada,"body, physique"
直ぐ,sugu,"at once, soon"
飛ぶ,tobu,fly
とても,totemo,very (colloquial)
誰,dare,who
好き,suki,"favorite, liked"
読む,yomu,read
次,tsugi,next
あなた,anata,you
飲む,nomu,drink
古い,furui,old
質問,shitsumon,question
今日,kyou,today (colloquial)
友達,tomodachi,"friend, companion"
早い,hayai,early
どれ,dore,"what, which"
美しい,utsukushii,beautiful
いつも,itsumo,always (colloquial)
足,ashi,"leg, foot"
起こす,okosu,wake (someone) up
見せる,miseru,show
娘,musume,"daughter, girl"
楽しむ,tanoshimu,enjoy
色,iro,color
みんな,minna,everybody (colloquial)
取る,toru,"take, get"
勉強,benkyou,study
できる,dekiru,"can do, be good at"
短い,mijikai,"short, brief"
落ちる,ochiru,"fall, come down"
息子,musuko,son
白い,shiroi,"white, blank"
飛行機,hikouki,airplane
病気,byouki,illness
冬,fuyu,winter
年,toshi,"year, age"
重い,omoi,heavy
胸,mune,"chest, breast"
払う,harau,"pay (money, respect, attention)"
軽い,karui,light (of weight)
見つける,mitsukeru,find
忘れる,wasureru,"forget, leave behind"
酒,sake,"alcohol, rice wine"
どちら,dochira,which (polite)
姉,ane,(one’s own) older sister
覚える,oboeru,"memorize, learn"
狭い,semai,"narrow, small"
赤い,akai,red
着る,kiru,"wear, put on"
笑う,warau,"laugh, smile"
一番,ichiban,"most, best"
授業,jugyou,"class session, lecture"
週,shuu,week
漢字,kanji,Chinese character
自転車,jitensha,bicycle
電車,densha,train
探す,sagasu,"search for, look for"
紙,kami,paper
歌う,utau,sing
遅い,osoi,"slow, late"
首,kubi,neck
速い,hayai,fast
一緒に,issho ni,"together, at the same time"
今月,kongetsu,this month
遊ぶ,asobu,play
遠い,tooi,"far, distant"
弱い,yowai,weak
耳,mimi,ear
座る,suwaru,"sit, sit down"
右,migi,right
浴びる,abiru,take (a shower)
肩,kata,shoulder
寝る,neru,"lie down and sleep, go to sleep"
消す,kesu,"switch off, turn off"
元気,genki,"healthy, energetic"
全部,zenbu,"all, whole"
去年,kyonen,last year (colloquial)
引く,hiku,"draw, pull"
図書館,toshokan,library
上げる,ageru,"raise, lift"
緑,midori,green
腕,ude,arm
ドア,doa,door (loan word)
女の子,onna no ko,little girl
男の子,otoko no ko,boy
私たち,watashitachi,we (colloquial)
近く,chikaku,"near, close to"
やる,yaru,"do, give"
かなり,kanari,"fairly, rather"
国,kuni,country
起こる,okoru,happen
秋,aki,"autumn, fall"
送る,okuru,send
死ぬ,shinu,die
気持ち,kimochi,"feeling, sensation"
乗る,noru,"ride, take"
いる,iru,"be present, stay"
木,ki,"tree, wood"
開ける,akeru,"open, unlock (door/window)"
閉める,shimeru,"shut, close (door/window)"
続く,tsuzuku,"continue, follow"
お医者さん,oishasan,doctor (polite)
円,en,Japanese yen
ここ,koko,here
待つ,matsu,"wait, wait for"
低い,hikui,"low, short"
もらう,morau,receive
食べる,taberu,eat
兄,ani,(one’s own) older brother
名前,namae,name
夫,otto,husband
一,ichi,one
結婚,kekkon,marriage
親,oya,parent
話す,hanasu,"speak, talk"
少し,sukoshi,"a bit, a little while"
閉じる,tojiru,"shut, close (books/eyes)"
時,toki,"time, moment"
米,kome,rice (grain)
切る,kiru,cut
楽しい,tanoshii,"fun, enjoyable"
服,fuku,clothes (colloquial)
後ろ,ushiro,"back, behind"
嬉しい,ureshii,"happy, glad"
腰,koshi,"waist, lower back"
日曜日,nichiyoubi,Sunday
昼,hiru,"daytime, midday"
お母さん,okaasan,mother (colloquial)
大学生,daigakusei,university student
終わり,owari,"end, conclusion"
背,se,"height, stature"
手伝う,tetsudau,"help, assist"
鼻,hana,nose
起きる,okiru,"occur, happen, wake up/get up"
載せる,noseru,"place, put on"
悲しい,kanashii,sad
しゃべる,shaberu,"chat, talk"
近く,chikaku,"in the near future, before long"
甘い,amai,sweet
テーブル,te-buru,table
食べ物,tabemono,food (colloquial)
始まる,hajimaru,begin
ゲーム,ge-mu,game
十,juu,ten
天気,tenki,weather
暑い,atsui,hot (of weather)
太い,futoi,"thick, fat"
晩,ban,"evening, night (from sunset to bedtime)"
土曜日,doyoubi,Saturday
痛い,itai,"sore, painful"
お父さん,otousan,"father, dad (colloquial)"
多分,tabun,"probably, perhaps"
時計,tokei,"clock, watch"
泊まる,tomaru,stay overnight
どうして,doushite,how come
掛ける,kakeru,"hang, put on"
曲がる,magaru,"make a turn, turn"
お腹,onaka,"stomach, belly"
ミーティング,mi-tingu,meeting
嫌い,kirai,dislike (habitual)
金曜日,kinyoubi,Friday
要る,iru,"need, require"
無い,nai,to not be
風邪,kaze,cold (illness)
黄色い,kiiroi,yellow
優しい,yasashii,"gentle, kind"
晴れる,hareru,"be sunny, clear up"
汚い,kitanai,dirty
茶色,chairo,brown
空く,suku,"be empty, become less crowded"
上る,noboru,"go up, climb"
ご飯,gohan,"meal, cooked rice"
日,nichi,counter for days
髪の毛,kaminoke,"hair, each single hair"
つける,tsukeru,"switch on, turn on"
月曜日,getsuyoubi,Monday
入る,hairu,enter
カタカナ,katakana,katakana
今週,konshuu,this week
開く,hiraku,"open (books, eyes, etc.)"
水,mizu,water
あれ,are,that (over there)
二,ni,two
締める,shimeru,"tighten, fasten"
まずい,mazui,"bad (taste), distasteful"
平仮名,hiragana,hiragana
曇る,kumoru,become cloudy
触る,sawaru,"touch, feel"
駄目,dame,no good
飲み物,nomimono,"beverage, drink"
木曜日,mokuyoubi,Thursday
曜日,youbi,day of the week
そば,soba,"side, vicinity"
こっち,kocchi,"here, this way (casual)"
火曜日,kayoubi,Tuesday
渇く,kawaku,be thirsty
三,san,three
水曜日,suiyoubi,Wednesday
二つ,futatsu,two (things)
今晩,konban,"this evening, tonight"
千,sen,thousand
六日,muika,"six days, sixth of the month"
お姉さん,onesan,older sister
直る,naoru,"be repaired, get fixed"
ちょっと,chotto,"just a moment, just a little"
四,yon,four (Japanese origin)
これから,korekara,"from now on, after this"
考える,kangaeru,"think, consider"
戻る,modoru,return to a point of departure
変える,kaeru,"change (something), alter"
朝,asa,morning
歯,ha,tooth
頑張る,ganbaru,"work hard, do one’s best"
携帯電話,keitaidenwa,cellular phone
雨,ame,rain
金,kane,money (colloquial)
易しい,yasashii,"easy, simple (colloquial)"
お兄さん,oniisan,older brother
大きい,ooki,big
小さい,chiisai,small
辛い,karai,"spicy, hot"
八,hachi,eight
あそこ,asoko,over there
来る,kuru,come
前,mae,"front, before"
五日,itsuka,"five days, fifth of the month"
いっぱい,ippai,full
酸っぱい,suppai,sour
違う,chigau,"differ, be wrong"
細い,hosoi,"thin, slender"
三つ,mittsu,three (things)
八日,youka,"eight days, eighth of the month"
高校生,koukousei,high school student
上手,jouzu,"good, skilled"
強い,tsuyoi,strong
七,nana,seven (Japanese origin)
二十日,hatsuka,"20 days, 20th of the month"
左,hidari,left
二日,futsuka,"two days, second of the month"
四つ,yottsu,four (things)
暖かい,atatakai,warm
ある,aru,"exist, there is"
いい,ii,good (informal/spoken form)
上,ue,"up, above"
駅,eki,train station
美味しい,oishii,tasty
昨日,kinou,yesterday (colloquial)
綺麗,kirei,"pretty, clean"
五,go,five
九つ,kokonotsu,nine (things)
お願い,onegai,favor
答える,kotaeru,give an answer
先,saki,"ahead, first"
寒い,samui,cold (temperature of the air)
四,shi,four (Chinese origin)
三日,mikka,"three days, third of the month"
下,shita,"under, below"
大丈夫,daijoubu,"all right, OK"
大人,otona,adult
出す,dasu,take out
父,chichi,(speaker’s) father
母,haha,(speaker’s) mother
月,tsuki,moon
妹,imouto,younger sister
冷たい,tsumetai,cold (to touch)
弟,otouto,younger brother
手,te,hand
十日,tooka,"ten days, tenth of the month"
口,kuchi,mouth
夏,natsu,summer
七つ,nanatsu,seven (things)
時々,tokidoki,sometimes
何,nani,what
人,hito,person
一人,hitori,one person
一日,tsuitachi,first of the month
九日,kokonoka,"nine days, ninth of the month"
方,hou,"direction, side"
他,hoka,other (Japanese origin)
僕,boku,"I, me (usually used by young males)"
欲しい,hoshii,"want, desire (of the speaker)"
万,man,ten thousand
見える,mieru,"be visible, can see"
道,michi,"street, way"
五つ,itsutsu,five (things)
目,me,eye
八つ,yattsu,eight (things)
四日,yokka,"four days, fourth of the month"
夜,yoru,night (from sunset to sunrise)
来年,rainen,next year
六,roku,six
悪い,warui,bad
お手洗い,otearai,"toilet, bathroom"
ご主人,goshujin,(someone else’s) husband
本当に,hontouni,"really, truly"
自分,jibun,"self, oneself"
ため,tame,"sake, purpose"
見つかる,mitsukaru,"be found, be caught"
休む,yasumu,"take a rest, take a break"
ゆっくり,yukkuri,slowly
六つ,muttsu,six (things)
花,hana,flower
動く,ugoku,move
線,sen,line
七日,nanoka,"seven days, seventh of the month"
以外,igai,except for
男,otoko,"man, male"
彼,kare,"he, one’s boyfriend"
女,onna,woman
妻,tsuma,woman
百,hyaku,hundred
辺,atari,vicinity
店,mise,"shop, store"
閉まる,shimaru,"be shut, be closed"
問題,mondai,"problem, question"
必要,hitsuyou,"need, necessary"
もつ,motsu,"last long, be durable"
開く,hiraku,open
昨年,sakunen,"last year (formal)"
治る,naoru,"be cured, get well"
ドル,doru,dollar
システム,shisutemu,system (loan word)
以上,ijou,"more than, not less than"
最近,saikin,"recent, latest"
世界,sekai,world
コンピューター,konpyu-ta-,computer
やる,yaru,give (to an inferior)
意味,imi,"meaning, sense"
増える,fueru,"increase, accrue"
選ぶ,erabu,"choose, elect"
生活,seikatsu,"life, living"
進める,susumeru,"go ahead, proceed"
続ける,tsuzukeru,"continue, keep up"
ほとんど,hotondo,"almost, hardly"
会社,kaisha,"company, corporation"
家,ie,"house, dwelling"
多く,ooku,"much, largely"
話,hanashi,"talk, story"
上がる,agaru,"go up, rise (physical movement)"
もう,mou,"another, again"
集める,atsumeru,"collect, gather"
声,koe,"voice, sound"
初めて,hajimete,for the first time
変わる,kawaru,"change, turn into"
まず,mazu,"first of all, to begin with"
社会,shakai,society
プログラム,puroguramu,program booklet
力,chikara,"strength, power"
今回,konkai,this time
予定,yotei,"schedule, plan"
まま,mama,"as is, still (in the current state)"
テレビ,terebi,television
減る,heru,"decrease, diminish"
消える,kieru,"be extinguished, disappear"
家族,kazoku,"family, household"
比べる,kuraberu,"compare, contrast"
生まれる,umareru,"be born, come into existence"
ただ,tada,free
これら,korera,these
調べる,shiraberu,"investigate, check"
事故,jiko,"accident, trouble"
電話,denwa,"telephone, phone call"
外国,gaikoku,foreign country
銀行,ginkou,bank
十分,juubun,"enough, plentiful"
あまり,amari,(not) much
写真,shashin,photograph
繰り返す,kurikaesu,repeat
種類,shurui,"kind, type"
意見,iken,opinion
新聞,shinbun,newspaper
文章,bunshou,"sentence, writing"
目立つ,medatsu,"stand out, be conspicuous"
相手,aite,"opponent, the other party"
病院,byouin,hospital
厚い,atsui,"thick, bulky"
忙しい,isogashii,"busy, occupied"
薄い,usui,"thin, weak"
川,kawa,"river, stream"
暗い,kurai,"dark, gloomy"
クラス,kurasu,class (in school)
黒い,kuroi,"black, dark"
バス,basu,bus
青い,aoi,blue
買い物,kaimono,"shopping, purchase"
薬,kusuri,"drug, medicine"
砂糖,satou,sugar
休み,yasumi,"holiday, break"
郵便局,yuubinkyoku,post office
住所,juusho,address
こちら,kochira,"here, this way (polite)"
財布,saifu,"purse, wallet"
パスポート,pasupo-to,passport
椅子,isu,chair
可愛い,kawaii,"cute, sweet"
お祖父さん,ojiisan,grandfather (colloquial)
切手,kitte,postage stamp
涼しい,suzushii,cool (of temperature)
いくつ,ikutsu,"how many, how old"
メニュー,menyu-,menu
電気,denki,"electricity, electric light"
勝つ,katsu,win
負ける,makeru,lose
建てる,tateru,"build, erect"
日記,nikki,diary
売り切れ,urikire,sell out
お巡りさん,omawarisan,police officer (colloquial)
目覚まし時計,mezamashitokei,alarm clock
レシート,reshi-to,receipt (loan word)
ティッシュ,tisshu,tissue
歯ブラシ,haburashi,toothbrush
下りる,oriru,"go down, come down"
洗う,arau,wash
パート,pa-to,part-time
氏名,shimei,full name
今夜,konya,"tonight, this evening"
夜中,yonaka,midnight
来週,raishuu,next week
誰か,dareka,someone
何,nan,what. それはなんですか. What is that?
今朝,kesa,this morning
寿司,sushi,sushi
履く,haku,"put on (shoes), wear (pants, skirt)"
おじさん,ojisan,uncle
おばさん,obasan,aunt
お祖母さん,obaasan,grandmother (colloquial)
いとこ,itoko,cousin
辞書,jisho,dictionary (category)
朝ご飯,asagohan,breakfast
白,shiro,white
どっち,docchi,which (casual)
そっち,socchi,there (casual)
明日,ashita,tomorrow (colloquial)
明後日,myougonichi/asatte,day after tomorrow
一昨日,ototoi,the day before yesterday (colloquial)
庭,niwa,"garden, yard"
左側,hidarigawa,left side
右側,migigawa,right side
指,yubi,"finger, toe"
眼鏡,megane,glasses
鞄,kaban,"bag, handbag"
あっち,acchi,"other side, over there (casual)"
大人しい,otonashii,"gentle, quiet"
下手,heta,not good at
厳しい,kibishii,"strict, severe"
一人で,hitoride,"by oneself, alone"
答え,kotae,"answer, solution"
この頃,konogoro,"these days, recently"
残念,zannen,"regretful, disappointing"
仕舞う,shimau,"put away, put in"
心配,shinpai,"anxiety, worry"
外,soto,"outside, open air"
大切,taisetsu,"important, valuable"
ちょうど,choudo,"just, exactly"
助ける,tasukeru,"help, save"
勤める,tsutomeru,"serve, hold a job"
連れていく,tsureteiku,"take/bring along (person)"
丈夫,joubu,"healthy, sturdy"
賑やか,nigiyaka,"lively, exciting"
眠い,nemui,sleepy
山,yama,mountain
橋,hashi,bridge
止まる,tomaru,"come to a stop, cease"
降る,furu,"fall, come down (rain, snow, etc.)"
本当,hontou,"reality, genuine"
町,machi,"town, city"
お菓子,okashi,"sweets, snacks"
緩い,yurui,"slack, loose"
良い,yoi,good (formal/written form)
ようこそ,youkoso,welcome (greeting)
お土産,omiyage,souvenir (polite)
両親,ryoushin,parents
ウェーター,we-ta-,waiter
ウェートレス,we-toresu,waitress
絶対に,zettaini,"absolutely, definitely"
ごちそう,gochisou,"feast, treat"
フォーク,fo-ku,fork
スプーン,supu-n,spoon
瓶,bin,bottle
つく,tsuku,"be on, be switched on"
醤油,shouyu,soy sauce
茶碗,chawan,rice bowl
決める,kimeru,"decide, agree upon"
感じる,kanjiru,"feel, sense"
生きる,ikiru,live (one’s life)
動かす,ugokasu,move (something)
壊れる,kowareru,"break, break down"
復習,fukushuu,review
眉,mayu,eyebrow
客,kyaku,"visitor, customer"
机,tsukue,desk
風呂,furo,bath
湯,yu,hot water
ぬるい,nurui,"tepid, lukewarm"
風邪薬,kazegusuri,cold medicine
靴下,kutsushita,socks
タバコ,tabako,"tobacco, cigarette"
アイスコーヒー,aisuko-hi-,iced coffee
天ぷら,tempura,Japanese deep-fried food
肉,niku,"flesh, meat"
昨夜,sakuya,"last night/evening (colloquial)"
流行る,hayaru,"be in fashion, be popular"
連れて来る,tsuretekuru,bring (a person)
方,kata,person (polite form)
零,rei,zero
雲,kumo,cloud
空,sora,sky
人気,ninki,popularity
兄さん,niisan,(one’s own) older brother (polite)
姉さん,neesan,(one’s own) older sister (polite)
平成,heisei,Heisei era
毎月,maitsuki,every month
半日,hannichi,half a day
半月,hantsuki,half a month
なるほど,naruhodo,"I see, really"
つまり,tsumari,"in short, that is to say"
そのまま,sonomama,"as it is, just like that"
はっきり,hakkiri,clearly
大変,taihen,"awful, hard"
簡単,kantan,"simple, easy"
似ている,niteiru,"look like, resemble"
驚く,odoroku,"be surprised, be startled"
嫌,iya/ kira-i,dislike (situational)
喧嘩,kenka,"fight, argument"
遅れる,okureru,be late
にんじん,ninjin,carrot
ジャガイモ,jagaimo,potato
ナス,nasu,eggplant
やかん,yakan,kettle
話し合う,hanashiau,"discuss, talk over"
残す,nokosu,"leave, leave undone"
ごちそうする,gochisousuru,"treat, host (a meal)"
合う,au,"fit, match"
当たる,ataru,"(go straight and) hit, strike"
集まる,atsumaru,"gather, be collected"
場所,basho,"place, space"
海,umi,"sea, ocean"
少年,shounen,boy (between 7 and 18 years old)
孫,mago,grandchild
生徒,seito,"pupil, student"
高校,koukou,high school (for short)
年上,toshiue,"older, senior"
卒業,sotsugyou,graduation
運動,undou,"movement, exercise"
選手,senshu,"athlete, (sports) player"
映画,eiga,movie
英語,eigo,English
手紙,tegami,letter
動物,doubutsu,animal
音,oto,"sound, noise"
海外,kaigai,"overseas, abroad"
外国人,gaikokujin,foreigner
帰国,kikoku,return to one’s country
彼ら,karera,they
機械,kikai,machine
基本,kihon,basics
今度,kondo,"this time, next time"
最後,saigo,last
最初,saisho,"first, outset"
準備,junbi,"preparation, arrangement"
進む,susumu,"advance, move forward"
直接,chokusetsu,directly
特に,tokuni,"specially, particularly"
届く,todoku,"reach, be received"
なぜ,naze,why
並ぶ,narabu,"line up, be parallel"
運ぶ,hakobu,"carry, transport"
直す,naosu,"repair, fix"
反対,hantai,"oppose, object"
場合,baai,"situation, case"
詳しい,kuwashii,detailed
いたずら,itazura,"mischief, prank"
お祝い,oiwai,celebrate
くし,kushi,comb
こぼれる,koboreru,"spill, overflow"
伝える,tsutaeru,"convey, transmit"
膝,hiza,knee
肘,hiji,elbow
枕,makura,pillow
建物,tatemono,"building, structure"
道路,douro,road
四つ角,yotsukado,intersection
曲がり角,magarikado,corner (to turn)
警察,keisatsu,police
空気,kuuki,"air, atmosphere"
スポーツ,supo-tsu,sport
チャンス,chansu,chance
クリーニング,kuri-ningu,dry cleaning
サービス,sa-bisu,"service, on the house"
グループ,guru-pu,group
自宅,jitaku,"one’s house, one’s home"
家庭,katei,"home, family"
期間,kikan,"term, period"
年度,nendo,"year, school year"
経験,keiken,"experience, knowledge"
安全,anzen,"safety, security"
危険,kiken,"danger, dangerous"
注意,chuui,"attention, care"
成功,seikou,success
努力,doryoku,"endeavor, effort"
説明,setsumei,"explanation, description"
地震,jishin,earthquake
手術,shujutsu,surgical operation
火傷,yakedo,burn
課題,kadai,"task, assignment"
子,ko,"young child, kid"
確認,kakunin,confirmation
実際,jissai,"reality, actual state"
会議,kaigi,"conference, meeting"
提案,teian,"proposition, proposal"
事務所,jimusho,"office, one’s place of business"
教授,kyouju,professor
世紀,seiki,century
あちこち,achikochi,"all over, here and there"
そちら,sochira,"there, that way (polite)"
あちら,achira,"over there, that way (polite)"
もし,moshi,"if, in case of"
うるさい,urusai,"noisy, annoying"
固い,katai,"stiff, tight"
深い,fukai,"deep, profound"
面白い,omoshiroi,"interesting, amusing"
全く,mattaku,"entirely, truly"
半分,hanbun,half
普通,futsuu,"normal, regular"
分,bun,"amount, share"
文化,bunka,culture
毎日,mainichi,every day
気を付ける,kiwotsukeru,"be careful about, pay attention to"
守る,mamoru,"protect, observe"
もちろん,mochiron,of course
やはり,yahari,as expected
いくら,ikura,how much (money)
よろしく,yoroshiku,one’s regards
どなた,donata,who (polite)
許す,yurusu,"permit, forgive"
分ける,wakeru,"divide, share"
自然,shizen,nature
アパート,apa-to,"apartment, flat"
ホテル,hoteru,hotel
パソコン,pasokon,personal computer
うまい,umai,good at
明るい,akarui,"bright, cheerful"
急ぐ,isogu,"hurry, do quickly"
歌,uta,song
中学校,chuugakkou,junior high school
テスト,tesuto,test
ポスト,posuto,"postbox, mailbox"
ハンカチ,hankachi,handkerchief
髪,kami,"hair, hairstyle"
帽子,boushi,"hat, cap"
被る,kaburu,"wear, put on (on one’s head)"
ブラウス,burausu,blouse
週末,shuumatsu,weekend
先週,senshuu,last week
再来週,saraishuu,the week after next
いつか,itsuka,"some time, some day"
宿題,shukudai,homework
鍵,kagi,"key, lock"
傘,kasa,"umbrella, parasol"
乗り換える,norikaeru,"change, transfer"
向かう,mukau,"face, head toward"
本屋,honya,bookstore (colloquial)
お茶,ocha,tea (polite)
改札口,kaisatsuguchi,ticket gate
晴れ,hare,"fine weather, clear sky"
バス停,basutei,bus stop
曇り,kumori,cloudy weather
塩,shio,salt
たくさん,takusan,"a lot, in large quantity"
大嫌い,daikirai,hate
中,naka,"inside, middle"
二階,nikai,"second floor, upstairs"
無くす,nakusu,"lose, get rid of"
まあまあ,maamaa,"OK, not bad"
黄色,kiiro,yellow color
ランチ,ranchi,lunch (loan word)
魚,sakana,fish
味,aji,"taste, flavor"
りんご,ringo,apple
みかん,mikan,tangerine
皿,sara,"plate, counter (for plates/helpings)"
コーヒー,ko-hi-,coffee
コップ,koppu,"cup, glass"
二人,futari,two persons
止む,yamu,"stop, cease"
九,kyuu,nine
昼間,hiruma,"daytime, during the day"
いつ頃,itsugoro,"about when, about what time"
字,ji,"(individual) character, letter"
七,nana,seven (Chinese origin)
お釣り,otsuri,change (of money)
名字,myouji,"surname, family name"
おじ,oji,(one’s own) uncle
おば,oba,(one’s own) aunt
祖父,sofu,grandfather (formal)
祖母,sobo,grandmother (formal)
大事,daiji,importance
見方,mikata,"view, perspective"
鳥,tori,"bird, poultry"
犬,inu,dog
返事,henji,"reply, answer, response"
また,mata,"again, also, or"
年間,nenkan,period of one year
青,ao,"blue, green"
赤,aka,red color
信号,shingou,"signal, traffic light"
円,en,circle
非常に,hijouni,"very, extremely"
複雑,fukuzatsu,"complicated, intricate"
平和,heiwa,"peace, harmony"
回る,mawaru,"turn round, go around"
若者,wakamono,"young person, youth"
雪,yuki,"snow, snowfall"
うまい,umai,"sweet, delicious"
思い出す,omoidasu,"recollect, recall"
聞こえる,kikoeru,"hear, be heard"
借りる,kariru,borrow
返す,kaesu,"return, repay"
受け取る,uketoru,"receive, get"
捨てる,suteru,"discard, abandon"
一緒,issho,"together, same (colloquial)"
遊び,asobi,"play, amusement"
移す,utsusu,"move, transfer"
大きさ,ookisa,"size, dimension"
考え,kangae,"thought, idea"
空港,kuukou,airport (for public transportation)
出発,shuppatsu,"departure, starting"
地図,chizu,"map, atlas"
運転,unten,drive
降りる,oriru,"get off, land"
ガス,gasu,gas (loan word)
必ず,kanarazu,"without exception, always"
カメラ,kamera,camera
通う,kayou,"go to and from, frequent a place"
急に,kyuuni,"suddenly, unexpectedly"
給料,kyuuryou,"salary, pay"
曲,kyoku,piece of music
切れる,kireru,"cut well, be sharp"
正しい,tadashii,"correct, righteous"
苦しい,kurushii,"painful, agonizing"
細かい,komakai,"minute, fine"
静か,shizuka,"quiet, tranquil"
健康,kenkou,health
ゴルフ,gorufu,golf
コース,ko-su,"course, route"
頼む,tanomu,"order, ask for"
困る,komaru,"be in trouble, not know what to do"
ずっと,zutto,"all the time, all through"
例えば,tatoeba,for example
つもり,tsumori,"intention, purpose"
しばらく,shibaraku,"a little while, a while"
紹介,shoukai,introduction
小学校,shougakkou,elementary school
公園,kouen,"park, public garden"
中学,chuugaku,junior high
成績,seiseki,"results, grade"
教科書,kyoukasho,"textbook, schoolbook"
席,seki,"seat, one’s place"
教室,kyoushitsu,"classroom, class"
教師,kyoushi,"teacher, instructor"
試験,shiken,exam
合格,goukaku,pass an examination
数学,suugaku,mathematics
数字,suuji,numeric characters
音楽,ongaku,music
食事,shokuji,meal
壁,kabe,"wall, partition"
信じる,shinjiru,"believe, trust"
育てる,sodateru,"bring up, raise"
倒れる,taoreru,fall over
落とす,otosu,drop
代わる,kawaru,"substitute, be substituted for"
タクシー,takushi-,taxi
確か,tashika,"for sure, for certain"
立てる,tateru,"stand, set up"
中学生,chuugakusei,junior high school student
売れる,ureru,"sell, be in demand"
着く,tsuku,"arrive at, reach"
決まる,kimaru,be decided
飾る,kazaru,decorate
殺す,korosu,kill
下げる,sageru,"lower, turn down"
贈る,okuru,"offer, give"
訪ねる,tazuneru,"visit, go to see"
打つ,utsu,"hit, strike"
相談,soudan,"consultation, advice"
玄関,genkan,"entrance, door"
兄弟,kyoudai,sibling
長男,chounan,eldest son
高さ,takasa,height
用,you,things to do
時代,jidai,"age, era"
位置,ichi,"position, location"
季節,kisetsu,season
穴,ana,hole
裏,ura,"the back, the reverse side"
島,shima,island (Japanese origin)
海岸,kaigan,"seashore, coast"
ガラス,garasu,glass (material)
自然,shizen,natural
風,kaze,wind
科学,kagaku,science
太陽,taiyou,sun
台風,taifuu,typhoon
北,kita,north
馬,uma,horse
牛肉,gyuuniku,beef
雑誌,zasshi,"magazine, journal"
小説,shousetsu,novel
大使館,taishikan,embassy
故障,koshou,"malfunction, breakdown"
温度,ondo,temperature
何か,nanika,"something, some"
向こう,mukou,"over there, on the other side"
真ん中,mannaka,"center, middle (casual)"
遠く,tooku,"far away, at a distance"
横,yoko,"side, width across"
つまらない,tsumaranai,"boring, dull"
素晴らしい,subarashii,"excellent, wonderful"
毎年,maitoshi/ mainen,every year (colloquial)
来月,raigetsu,next month
日時,nichiji,date and time
夕方,yuugata,"early evening, at dusk"
通る,tooru,"pass, go through"
自動車,jidousha,automobile
慣れる,nareru,"grow accustomed to, get used to"
撮る,toru,"take (a photograph), film"
やっと,yatto,"at last, finally"
どんどん,dondon,"knock, bang"
並べる,naraberu,"line up, arrange"
逃げる,nigeru,"escape, run away"
渡す,watasu,"hand over, give"
値段,nedan,price
両方,ryouhou,both
約束,yakusoku,"promise, vow"
一部,ichibu,part
ラジオ,rajio,radio
入院,nyuuin,be hospitalized
ニュース,nyu-su,news
旅行,ryokou,"travel, trip"
用意,youi,preparation
伸びる,nobiru,"stretch, grow"
パーティー,pa-ti-,party
ビール,bi-ru,beer
早く,hayaku,"early, soon"
番組,bangumi,program
ビデオ,bideo,video
増やす,fuyasu,increase
振る,furu,"wave, shake"
迎える,mukaeru,"welcome, receive (a visitor)"
無理,muri,"unreasonable, impossible"
珍しい,mezurashii,"rare, scarce"
有名,yuumei,famous
喜ぶ,yorokobu,"be happy, be delighted"
留学,ryuugaku,study abroad
料理,ryouri,cooking
野菜,yasai,vegetable
分かれる,wakareru,"be divided, split off"
特別,tokubetsu,special
理由,riyuu,"reason, excuse"
自由,jiyuu,freedom
方向,houkou,"direction, course"
残る,nokoru,"remain, be left over"
ビル,biru,building
まとめる,matomeru,"gather together, put in order"
流れる,nagareru,"flow, run"
セーター,se-ta-,sweater
シャツ,shatsu,shirt
洗濯,sentaku,"laundry, washing"
間違える,machigaeru,"make a mistake, fail at"
アイスクリーム,aisukuri-mu,ice cream
乾く,kawaku,become dry
冷める,sameru,cool off
色々,iroiro,a variety of
持って行く,motteiku,"take, bring"
着替える,kigaeru,change clothes
石鹸,sekken,soap
野球,yakyuu,baseball
昼食,chyuushoku,lunch
朝食,choushoku,breakfast
眠る,nemuru,"sleep, lie idle"
初め,hajime,beginning
火,hi,"fire, flame"
西,nishi,"west, western"
東,higashi,"east, eastern"
南,minami,south
夕食,yuushoku,"supper, dinner"
なかなか,nakanaka,"rather, pretty"
励ます,hagemasu,"encourage, cheer up"
涙,namida,tear
夢,yume,dream
職場,shokuba,"place of work, office"
隣,tonari,"next to, next door"
マンション,manshon,"apartment/residential building"
エレベーター,erebe-ta-,elevator
窓,mado,window
押す,osu,"push, press down"
入学,nyuugaku,"enter a school, matriculate"
戸,to,"door, sliding door"
通り,toori,"street, road"
亡くなる,nakunaru,"die, pass away"
夫婦,fuufu,"husband and wife, married couple"
女性,josei,"woman, female (formal)"
森,mori,forest
トラック,torakku,truck
レコード,reko-do,record
熱,netsu,"heat, fever"
ページ,pe-ji,page
踊る,odoru,dance
長さ,nagasa,length
厚さ,atsusa,thickness
秘密,himitsu,"secret, privacy"
凄い,sugoi,"great, incredible"
親切,shinsetsu,"kind, kindhearted"
絶対,zettai,"absolutely, never"
先月,sengetsu,last month
一昨年,ototoshi,the year before last (colloquial)
冬休み,fuyuyasumi,winter vacation
夏休み,natsuyasumi,summer vacation
休日,kyuujitsu,"day off, holiday"
正月,shougatsu,"New Year, January"
思い出,omoide,memory
たまに,tamani,"occasionally, by chance"
おかしい,okashii,"strange, peculiar"
浅い,asai,"shallow, superficial"
君,kimi,you (referring to fellows/subordinates)
奥さん,okusan,"someone's wife/ a married woman"
赤ちゃん,akachan,baby (colloquial)
小学生,shougakusei,elementary school student
貸す,kasu,"lend, lease"
数える,kazoeru,count
生む,umu,"give birth, produce"
育つ,sodatsu,"be brought up, grow"
是非,zehi,"by all means, please"
黒,kuro,black
おもちゃ,omocha,"toy, plaything"
靴,kutsu,shoes
連絡,renraku,"contact, communication"
伝言,dengon,message
預ける,azukeru,"leave (something) with (someone)"
下がる,sagaru,"go down, drop"
泳ぐ,oyogu,swim
アルバイト,arubaito,part-time job
コート,ko-to,"coat, jacket (loan word)"
趣味,shumi,"hobby, interest"
散歩,sanpo,"walk, stroll"
幸せ,shiawase,"happiness, satisfied (colloquial)"
安心,anshin,"peace of mind, relief"
大勢,oozei,"large numbers, a lot of (people)"
医者,isha,"doctor (colloquial, plain)"
運転手,untenshu,driver
新幹線,shinkansen,bullet train
往復,oufuku,round trip
コピー,kopi-,"copy, photocopy"
奥,oku,"inner part, the back"
重さ,omosa,weight
親しい,shitashii,"intimate, familiar"
修理,shuuri,"repair, mending"
カード,ka-do,card
挨拶,aisatsu,"greet, greeting"
階段,kaidan,"steps, flight of stairs"
配る,kubaru,"hand out, distribute"
断る,kotowaru,"refuse, turn down"
グラム,guramu,gram
濃い,koi,"strong, concentrated"
壊す,kowasu,"break (something), destroy"
桜,sakura,"cherry tree, cherry blossom"
仕方,shikata,"way, method"
絵,e,"picture, painting"
気温,kion,air temperature
品物,shinamono,"article, goods"
吸う,suu,"inhale, suck"
案内,annai,"guide, guidance"
スキー,suki-,"ski, skiing"
金持ち,kanemochi,wealthy person
尋ねる,tazuneru,"inquire, ask"
叩く,tataku,"tap, hit"
帰り,kaeri,"return, going home"
卵,tamago,egg
氷,koori,ice
留学生,ryuugakusei,student studying abroad
ソフト,sofuto,"software, program"
歯医者,haisha,dentist
蹴る,keru,kick
敷く,shiku,"lay, spread"
ひととき,hitotoki,"some moments, a while"
交通事故,koutsuujiko,traffic accident
遭う,au,"meet, encounter, get caught in"
招待,shoutai,invitation
咲く,saku,"bloom, blossom"
二十歳,hatachi,20 years old
銀,gin,silver
内側,uchigawa,"inside, interior"
池,ike,pond
石,ishi,"stone, small rock"
愛,ai,love
課,ka,"section, division"
大学院,daigakuin,graduate school
台所,daidokoro,kitchen
カラー,kara-,color (loan word)
すり,suri,pickpocket
キャンプ,kyanpu,"camping, camp"
オートバイ,o-tobai,"motorbike, motorcycle"
建つ,tatsu,"be built, be erected"
刺す,sasu,"sting, stab"
言い方,iikata,"way of speaking, expression"
沈む,shizumu,sink
組み立てる,kumitateru,"set up, put together"
恐ろしい,osoroshii,"terrible, awful"
外人,gaijin,"foreigner, alien"
牛,ushi,"cattle, cow"
食堂,shokudou,"cafeteria, restaurant"
毎年,mainen,every year (formal)
毎週,maishuu,every week
何度,nando,"how many times, how many degrees"
なかなか,nakanaka,"not easily, not readily"
さっき,sakki,"earlier, only a moment ago"
久しぶり,hisashiburi,after a long time
便利,benri,convenience
迷惑,meiwaku,"trouble, annoyance"
そんなに,sonnani,so much
びっくりする,bikkurisuru,"be surprised/ startled"
足りる,tariru,"suffice, be enough"
疲れる,tsukareru,"get tired, become fatigued"
ひどい,hidoi,"cruel, awful"
全然,zenzen,(not ) at all
猫,neko,cat
デパート,depa-to,department store (loan word)
トイレ,toire,toilet
地下鉄,chikatetsu,subway
駐車場,chuushajou,"parking area, parking lot"
ぶつかる,butsukaru,"hit, bump into"
運賃,unchin,(passenger) fare
通学,tsuugaku,commuting to school
見送る,miokuru,see (someone) off
泣く,naku,"cry, weep"
レストラン,resutoran,restaurant
メモ,memo,"memo, note"
予約,yoyaku,"reservation, appointment"
番号,bangou,assigned number
注文,chuumon,order
パン,pan,bread
ワイン,wain,wine
材料,zairyou,"material, ingredient"
豚肉,butaniku,pork
焼く,yaku,"bake, grill"
匂い,nioi,"(pleasant) smell, odor"
付ける,tsukeru,"attach, apply, put"
痩せる,yaseru,"lose weight, become thin"
届ける,todokeru,deliver
間に合う,maniau,"be in time, suffice"
向く,muku,"turn, face"
強さ,tsuyosa,strength
得意,tokui,"one’s specialty, be good at"
塗る,nuru,"spread on, paint"
投げる,nageru,throw
習う,narau,"learn, take lessons"
注目,chuumoku,"attention, notice"
未来,mirai,future
箱,hako,"box, case"
右手,migite,right hand
左手,hidarite,left hand
プール,pu-ru,pool
ピアノ,piano,piano
光る,hikaru,"shine, emit light, sparkle"
踏む,fumu,"step on, tread on"
別々,betsubetsu,separately
ボール,bo-ru,ball
握る,nigiru,"grasp, grip, hold"
真っ赤,makka,deep red
拾う,hirou,pick up
回す,mawasu,"turn, rotate (something)"
ノート,no-to,notebook (loan word)
辞める,yameru,"resign, leave (one’s job), quit"
揺れる,yureru,"shake, sway"
立派,rippa,"fine, elegant"
練習,renshuu,"practice, training"
割る,waru,"divide, split"
部分,bubun,"part, section"
拭く,fuku,"wipe, dry"
招く,maneku,invite
急,kyuu,"urgent, steep"
汚れる,yogoreru,become dirty
渡る,wataru,"cross, go across"
途中,tochuu,"on the way, half way"
インタビュー,intabyu-,interview (loan word)
盗む,nusumu,"steal, rob"
普段,fudan,"usual, ordinary"
旅館,ryokan,Japanese inn
博物館,hakubutsukan,museum
ホーム,ho-mu,platform (for short)
引っ越す,hikkosu,"move, relocate"
荷物,nimotsu,"baggage, load"
家賃,yachin,rent
計画,keikaku,plan
廊下,rouka,"hallway, corridor"
天井,tenjou,ceiling
ベッド,beddo,bed
ソファー,sofa-,"sofa, couch"
屋根,yane,roof
祭り,matsuri,festival
離婚,rikon,divorce
葉,ha,leaf
ボート,bo-to,"light boat, small craft"
燃える,moeru,"burn, catch on fire"
巻く,maku,"roll up, wrap"
プラスチック,purasuchikku,plastic
訪れる,otozureru,go and visit (place)
破る,yaburu,"tear, breach"
関係,kankei,"relation, relationship"
録音,rokuon,(sound) recording
不幸,fukou,"unhappiness, misfortune"
外国語,gaikokugo,language
着物,kimono,traditional Japanese clothes
牛乳,gyuunyuu,milk
救急車,kyuukyuusha,ambulance
果物,kudamono,fruit
間違い,machigai,"mistake, error"
映画館,eigakan,movie theater
怖い,kowai,"scary, be afraid"
鏡,kagami,mirror
草,kusa,"grass, weed"
敬語,keigo,polite speech
欠席,kesseki,absence
スイッチ,suicchi,switch
掃除,souji,cleaning
畳,tatami,straw mat
速さ,hayasa,speed
林,hayashi,"woods, forest"
プレゼント,purezento,present (loan word)
弁当,bentou,boxed lunch
いつでも,itsudemo,"at all times, any time"
寂しい,sabishii,"lonely, desolate, sad"
少しも,sukoshimo,(not) in the least
尊敬,sonkei,"respect, esteem"
テニス,tenisu,tennis
広さ,hirosa,"area, extent"
読み,yomi,reading
我慢,gaman,"patience, endurance"
国籍,kokuseki,"nationality, citizenship"
恥ずかしい,hazukashii,"embarrassed, ashamed"
ボタン,botan,button
洋服,youfuku,(western-style) clothes
油,abura,oil
おかしい,okashii,"funny, comical"
余る,amaru,"remain, be in excess"
コート,ko-to,sports court
正直,shoujiki,"honest, upright"
ドラマ,dorama,drama
ビザ,biza,visa
水道,suidou,tap water
店員,tenin,"clerk, salesperson"
電池,denchi,battery
ポケット,poketto,pocket
握手,akushu,handshake
そろそろ,sorosoro,"soon, it’s about time"
ぶどう,budou,grapes
迷う,mayou,get lost
見物,kenbutsu,"sightseeing, visit"
知らせる,shiraseru,"let know, inform"
神社,jinja,Shinto shrine
注射,chuusha,"injection, shot"
めったに,mettani,"rarely, seldom"
作文,sakubun,"composition, essay"
鳴る,naru,"sound, ring"
真面目,majime,serious and sincere
申し込む,moushikomu,"apply, sign up"
冷蔵庫,reizouko,refrigerator
気に入る,kiniiru,"like, be pleased with"
クリスマス,kurisumasu,Christmas
ネクタイ,nekutai,"tie, necktie"
誕生日,tanjoubi,birthday
独身,dokushin,"single, unmarried"
苦い,nigai,bitter
バイオリン,baiorin,violin
バッグ,baggu,bag
今まで,imamade,until now
切符,kippu,ticket
ゴム,gomu,"elastic, rubber"
少々,shoushou,"a little, a bit"
随分,zuibun,"extremely, considerably"
引っ張る,hipparu,"pull, drag"
焼ける,yakeru,"burn, cook"
鉛筆,enpitsu,pencil
会話,kaiwa,conversation
ギター,gita-,guitar
茶,cha,tea
暑さ,atsusa,heat (of weather)
胃,i,stomach
禁煙,kinen,non-smoking
丸い,marui,round
写る,utsuru,be photographed
喫茶店,kissaten,"coffee shop, café"
やっぱり,yappari,"just as I thought, after all"
週刊誌,shuukanshi,weekly magazine
棚,tana,"shelf, rack"
震える,furueru,"tremble, shake"
磨く,migaku,"polish, grind"
カーテン,ka-ten,curtain
火事,kaji,"fire, blaze"
ナイフ,naifu,knife
皆さん,minasan,"everybody, everyone (polite)"
受ける,ukeru,"receive, take, undergo"
付く,tsuku,"stick to, cling to"
私,watakushi,I (formal)
結構,kekkou,quite
悪口,warukuchi,"slander, abuse"
広まる,hiromaru,"spread, get around"
内緒,naisho,"secrecy, privacy"
つぶる,tsuburu,close (eyes)
用件,youken,"matter, things to be done"
ロマンチック,romanchikku,romantic
貯金,chokin,"savings, deposit"
バイク,baiku,motorcycle
預かる,azukaru,"take care of, keep"
オレンジ,orenji,orange
噛む,kamu,"bite, chew"
きつい,kitsui,"tight, tough"
越える,koeru,"go over, go across"
小包,kodutsumi,"parcel, package"
新年,shinnen,new year
配達,haitatsu,delivery
動物園,doubutsuen,zoo
封筒,fuutou,envelope
危ない,abunai,dangerous
テキスト,tekisuto,"text, textbook"
ビニール,bini-ru,"plastic, vinyl"
アルバム,arubamu,album
水泳,suiei,swimming
混む,komu,"be crowded, be congested"
スカート,suka-to,skirt
取れる,toreru,"come off, be removed"
ペン,pen,pen
物,mono,"thing, object"
郵便,yuubin,"mail service, postal mail"
割れる,wareru,"crack, split"
駅員,ekiin,station attendant
おしゃべり,oshaberi,"talkative, chatty"
緑色,midoriiro,green color
毎朝,maiasa,every morning
曲げる,mageru,bend (something)
きっと,kitto,"surely, certainly"
理科,rika,science (school subject)
下着,shitagi,underwear
太る,futoru,"grow fat, gain weight"
冷房,reibou,air conditioning (cooling)
別れる,wakareru,"separate, part"
空く,aku,become available or vacant
出掛ける,dekakeru,"go out, leave home"
毎晩,maiban,every evening
指輪,yubiwa,ring
腐る,kusaru,"rot, go bad"
貧乏,binbou,"poverty, destitution"
おしゃれ,oshare,"trendy, fashionable"
休憩,kyuukei,break
舌,shita,tongue
ジュース,ju-su,juice
ゼロ,zero,"zero, none (loan word)"
朝刊,choukan,morning edition paper
丁寧,teinei,"polite, careful"
苦手,nigate,"not good at, be bad at"
日,hi,"(specific) day, sun, daytime"
引っ越し,hikkoshi,moving (house)
歩道,hodou,"sidewalk, pavement"
折れる,oreru,"break, snap"
見送り,miokuri,send-off
夕刊,yuukan,evening edition paper
この間,konoaida,"the other day, not so long ago"
冷える,hieru,"cool down, get chilled"
ピンク,pinku,pink
グラス,gurasu,glass
毛,ke,"hair, down"
黒板,kokuban,blackboard
積もる,tsumoru,pile up
半年,hantoshi,half a year
現在,genzai,"the present, present time"
利用,riyou,"utilization, usage"
方法,houhou,"method, procedure"
中心,chuushin,"center (of a circle, etc.), core"
明らか,akiraka,"clear, obvious"
社長,shachou,president (of a company)
ほぼ,hobo,"almost, nearly"
商品,shouhin,"goods, commodities"
大型,oogata,"large, large scale"
限る,kagiru,be limited to
記録,kiroku,"record, documentation"
具体的,gutaiteki,"concrete, specific"
効果,kouka,"effect, result"
公開,koukai,opening (to the public)
作品,sakuhin,"work of art, creation"
迫る,semaru,"close in on, approach"
大会,taikai,"tournament, event"
背景,haikei,"background, backdrop"
文字,moji,"character, letter, writing"
規則,kisoku,"rule, regulation"
近所,kinjo,neighborhood
グラフ,gurapu,"chart, graph"
首都,shuto,capital
減らす,herasu,reduce (something)
隠れる,kakureru,hide
美術館,bijutsukan,art museum
ばか,baka,"foolish, stupid"
暇,hima,"free time, spare time"
絵葉書,ehagaki,picture postcard
あんなに,annani,"that much, such"
行き,iki,"going, bound for"
通勤,tsuukin,commute
ちゃんと,chanto,"correctly, properly"
のんびり,nonbiri,take it easy
緊張,kinchou,"tension, strain"
気付く,kiduku,"notice, realize"
物語,monogatari,"story, tale"
出口,deguchi,exit
登る,noboru,"climb, go up"
真っ白,masshiro,pure-white
下ろす,orosu,"bring down, take down"
貸し出す,kashidasu,"lend, lend out"
サッカー,sakka-,"soccer, football"
暖房,danbou,heating
手袋,tebukuro,gloves
留守,rusu,not at home
嘘,uso,lie
遠慮,enryo,"restraint, hold back"
折る,oru,"break (something), fold (something)"
スープ,su-pu,soup
バナナ,banana,banana
可哀相,kawaisou,"poor, pitiful"
パトカー,patoka-,police car
ハンバーガー,hanba-ga-,hamburger
毛布,moufu,blanket
エスカレーター,esukare-ta-,escalator
お嬢さん,ojousan,"young lady, daughter"
手帳,techou,pocket notebook
タオル,taoru,towel
売店,baiten,"booth, shop"
パチンコ,pachiko,pachinko (Japanese pinball)
謝る,ayamaru,apologize
ケーキ,ke-ki,cake
天気予報,tenkiyohou,weather forecast
変,hen,"strange, weird"
一生懸命,isshoukenmei,"hard-working/ doing one’s best"
間違う,machigau,"make a mistake, be wrong"
事務室,jimushitsu,office
スーツ,su-tsu,suit
チケット,chiketto,ticket (loan word)
チョコレート,chokore-to,chocolate
脱ぐ,nugu,take off (clothes)
年賀状,nenkajou,New Year’s card
乗り物,norimono,"vehicle, transportation"
布団,futon,Japanese-style padded mattress
役に立つ,yakunitatsu,"be useful, be helpful"
破れる,yabureru,"tear, rip open"
用事,youji,"errand, business"
写す,utsusu,"copy, photograph"
腕時計,udedokei,wrist watch
贈り物,okurimono,"present, gift"
チャンネル,channeru,channel
冷やす,hiyasu,"chill (something), cool down"
片付ける,katazukeru,"put in order, clean up"
乾杯,kanpai,"toast, drink (in celebration)"
停車,teisha,stop (of a train)
鳴く,naku,"sing, cry (of animals)"
ガソリンスタンド,gasorinsutando,gas station
片道,katamichi,one way (trip)
交番,kouban,police box
大分,daibu,"greatly, fairly, highly"
デート,de-to,"date, romantic meeting"
梅雨,tsuyu,rainy season
真っ直ぐ,massugu,straight
レモン,remon,lemon
上着,uwagi,"outerwear, coat, jacket"
偉い,erai,"great, eminent"
書き方,kakikata,"how to write, way of writing"
炊く,taku,cook (rice)
チーズ,chi-zu,cheese
ドライブ,doraibu,drive (loan word)
踏切,fumikiri,railroad crossing
ラケット,raketto,racket
受付,uketsuke,"receptionist, information office"
怒る,okoru,"get angry, scold"
化粧,keshou,makeup
都合,tsugou,"convenience, availability"
ひげ,hige,"beard, moustache"
本棚,hondana,"bookshelf, bookcase"
真っ暗,makkura,pitch-dark
沸く,waku,"boil, get loud (crowd applause etc.)"
売り切れる,urikireru,"sell out, go out of stock"
押し入れ,oshiire,sliding-door closet
革,kawa,leather
ぐっすり,gussuri,soundly
紅茶,koucha,black tea
邪魔,jama,"disturbance, blocking"
ソース,so-su,sauce
足す,tasu,add (things of the same kind)
トマト,tomato,tomato
バター,bata-,butter
発車,hassha,departure (of a vehicle)
バレーボール,bare-ho-ru,volleyball
おかず,okazu,dishes to go with the rice
カレンダー,karenda-,calendar
とにかく,tonikaku,"in any case, anyway"
楽しみ,tanoshimi,"enjoyment/ something looked forward to"
おしゃべり,oshaberi,"chatter, idle talk"
読書,dokusho,reading books
寒気,samuke,chill
夕焼け,yuuyake,sunset glow
傷める,itameru,"damage, hurt"
くすぐったい,kusuguttai,ticklish
泥棒,dorobou,"thief, burglar"
襖,fusuma,paper sliding door
美人,bijin,beautiful woman
タイプライター,taipuraita-,typewriter
うどん,udon,Japanese wheat noodles
ごみ,gomi,trash
昼寝,hirune,nap
急行,kyukou,express train